stargazers_count,has_projects,has_wiki,topic_count,forks_count_log,open_issues_count_log,days_since_last_push_log
502118,False,False,6,10.770882114622454,6.184148890937483,4.477336814478207
467555,False,False,5,10.464502361385257,4.343805421853684,2.639057329615259
445054,True,False,15,10.705982289931356,5.225746673713202,0.6931471805599453
435595,False,False,13,10.773755288097965,7.202661196523238,1.3862943611198906
388482,False,False,5,11.102095994362914,4.430816798843313,1.9459101490553132
372813,False,False,7,11.255423361019579,8.858226439365012,0.6931471805599453
354985,False,True,18,10.693806814848333,2.0794415416798357,0.6931471805599453
349089,True,True,13,10.937881268877586,6.300785794663244,4.110873864173311
346975,False,False,12,11.325655685892224,4.727387818712341,5.575949103146316
298284,False,False,6,10.237456658939223,2.833213344056216,0.6931471805599453
293344,False,False,8,9.517604459155686,0.0,1.0986122886681096
276198,False,False,0,9.946020083254831,9.722864552377755,5.602118820879701
265972,True,True,8,10.451406628439226,5.700443573390686,6.466144724237619
245093,False,False,6,10.840756690795475,7.174724309836376,1.6094379124341003
233560,True,False,0,11.040679323171712,1.3862943611198906,0.6931471805599453
221156,True,True,14,10.832753737932673,6.88653164253051,2.70805020110221
220775,False,False,19,9.488199355479201,4.955827057601261,6.302618975744905
209771,True,True,4,10.42972382000155,6.437751649736401,6.375024819828097
203905,True,True,4,10.141874333263031,3.1354942159291497,3.367295829986474
195968,False,False,8,10.344062371091052,6.008813185442595,4.51085950651685
195804,True,True,0,9.765718622791232,5.648974238161206,1.6094379124341003
195142,True,False,8,11.229315091888502,8.583355393669907,0.6931471805599453
191853,True,False,0,11.607571788106831,7.25063551189868,1.0986122886681096
188471,False,False,20,10.964034460397444,7.302496423727326,0.6931471805599453
187101,True,True,15,10.180323518047112,6.318968113746434,0.6931471805599453
186038,True,True,8,10.267748648720236,0.0,0.6931471805599453
185037,True,True,5,10.594933286456316,9.777187096419954,0.6931471805599453
184463,True,False,13,10.421239136372852,1.0986122886681096,4.543294782270004
184389,False,True,11,10.741405847723883,6.042632833682381,0.6931471805599453
184388,True,True,8,10.839659340003433,5.2832037287379885,6.456769655572163
182550,True,True,0,10.927681564500782,6.548219102762372,3.6109179126442243
176353,True,True,19,10.321671433052067,9.446360661104071,1.0986122886681096
175600,False,False,16,9.732877151670184,0.6931471805599453,2.4849066497880004
174246,True,False,7,11.275860458314973,6.0867747269123065,1.6094379124341003
173973,False,False,2,11.320795967185187,4.189654742026425,1.3862943611198906
172945,False,False,6,9.4894104675794,5.220355825078325,0.6931471805599453
171666,False,False,15,9.691036630760662,8.090708716083997,1.3862943611198906
163403,True,True,7,7.953669778649798,3.4965075614664802,3.2188758248682006
163120,True,True,16,10.320617692174796,7.81923445385907,4.3694478524670215
162885,True,True,7,9.522885774152654,7.827240901752812,1.0986122886681096
162444,True,True,18,9.959300617355341,3.828641396489095,0.6931471805599453
161907,True,False,0,9.854244785957677,8.722580021141187,0.6931471805599453
160995,True,False,6,9.602922854253334,5.541263545158426,6.541029999189903
160711,True,True,19,10.411629578672917,7.763021309018518,0.6931471805599453
157460,True,False,4,9.392661928770137,5.945420608606575,3.091042453358316
155741,True,True,13,10.739305484260235,4.127134385045092,0.6931471805599453
155481,True,True,16,10.1249496910678,9.389908140573516,0.6931471805599453
148420,True,True,6,9.108086137937427,6.831953565565855,0.6931471805599453
148126,False,True,14,10.191744459738752,5.075173815233827,3.4965075614664802
141883,False,True,8,9.479985756941812,7.935945103353701,1.0986122886681096
141745,False,False,20,10.01104066270085,6.6895992691789665,0.6931471805599453
140321,True,False,0,9.274628861858545,8.325063693631197,4.48863636973214
139600,False,True,10,9.716133353214099,3.828641396489095,3.784189633918261
139505,False,False,14,10.344480666703438,8.28349412616251,0.6931471805599453
137664,True,True,20,10.443745756985825,4.976733742420574,2.1972245773362196
137559,False,True,15,9.885221743729236,5.683579767338681,1.6094379124341003
136992,False,False,20,10.028268269433434,6.364750756851911,0.6931471805599453
136609,False,False,1,9.687878048875998,6.75110146893676,0.6931471805599453
134906,True,True,0,9.533075832485352,4.5217885770490405,3.4011973816621555
133939,True,True,4,9.853509182729887,9.217415285648144,0.6931471805599453
133466,False,False,8,10.069849089751353,1.3862943611198906,4.394449154672439
133245,True,True,12,8.985320060649112,8.846640813100485,0.6931471805599453
127849,False,False,13,9.432603535863086,0.6931471805599453,1.791759469228055
126235,True,False,11,9.624302610338294,3.4965075614664802,3.4339872044851463
125834,True,True,8,10.132573413305966,7.174724309836376,0.6931471805599453
124515,False,False,0,9.927985024136515,9.31847703058076,0.6931471805599453
123617,True,True,7,9.032289682032873,6.489204931325317,3.367295829986474
123467,True,False,7,9.523982546097495,8.027802848370312,1.6094379124341003
122433,False,False,2,9.461021266283481,2.833213344056216,0.6931471805599453
122328,True,False,4,10.67113905526418,7.904334842085095,0.6931471805599453
121317,True,False,9,9.752315764734389,6.773080375655535,0.6931471805599453
121178,True,False,19,8.9082888855571,5.783825182329737,0.6931471805599453
118872,True,True,8,9.066354521447801,5.786897381366708,0.6931471805599453
117270,True,False,9,10.47880794648263,7.898039690764619,0.6931471805599453
116961,False,False,14,10.2510410220253,3.4965075614664802,6.513230110912307
116298,False,False,5,8.722905701000768,0.6931471805599453,0.6931471805599453
114587,False,False,11,9.087946723762116,7.563719668414366,1.0986122886681096
114464,True,True,19,9.753536375772624,4.7535901911063645,0.6931471805599453
113370,True,True,6,9.493939118990328,8.299037181613066,0.6931471805599453
112908,False,False,6,10.031792812689051,3.4011973816621555,5.123963979403259
112863,True,False,3,9.61059191303146,9.425371103179842,0.6931471805599453
112541,False,True,12,10.501746964063756,6.144185634125646,0.6931471805599453
112412,False,False,9,9.23853902633486,3.4965075614664802,2.4849066497880004
110984,True,False,14,10.994185270118631,2.639057329615259,1.791759469228055
110905,True,True,4,9.707837565530841,2.1972245773362196,2.302585092994046
110850,True,False,7,10.140770667404057,9.810055607743575,1.3862943611198906
110711,True,True,1,9.816894269951032,7.417580402414544,0.6931471805599453
109071,False,False,5,9.367429587218957,5.081404364984463,0.6931471805599453
108895,True,True,4,9.503233841478497,8.524764456912555,2.3978952727983707
107994,True,True,0,9.51355124604559,5.2574953720277815,6.371611847231857
106763,True,False,7,8.193123721512068,7.259819610363186,0.6931471805599453
106762,False,True,4,8.710124927322207,7.720905251936779,0.6931471805599453
106618,True,False,10,9.618800989064146,3.828641396489095,2.0794415416798357
106270,False,False,7,8.756839814829462,1.0986122886681096,0.6931471805599453
105956,False,True,11,9.618668045697824,1.9459101490553132,1.0986122886681096
105263,True,False,18,9.281450999434135,4.727387818712341,5.988961416889864
104278,False,False,19,8.95828281049733,5.700443573390686,1.0986122886681096
104211,True,False,7,9.524420918282495,7.508787170634276,0.6931471805599453
103561,True,False,0,9.72609383397847,5.3471075307174685,5.579729825986222
103385,False,False,3,10.205368344387722,7.779048644925556,6.129050210060545
103209,True,True,11,9.136478523377727,7.460490305825338,1.0986122886681096
102599,True,False,19,9.429716836721148,6.92951677076365,0.6931471805599453
101702,True,False,7,9.09750756370184,6.042632833682381,1.3862943611198906
100918,True,False,16,8.636752426473876,6.499787040655854,0.6931471805599453
100153,False,False,5,9.302646042760209,6.148468295917647,0.6931471805599453
100111,True,False,7,10.211964406994612,7.0587581525186645,1.3862943611198906
99976,True,True,8,10.233079028065118,9.827362162146636,0.6931471805599453
99724,True,True,7,8.839711378703475,7.566828479208331,0.6931471805599453
99679,False,False,0,9.40968291310444,4.812184355372417,3.5263605246161616
99452,True,True,0,9.711297461543568,4.948759890378168,3.6375861597263857
98946,True,True,5,9.074062353683555,3.2188758248682006,4.948759890378168
98776,True,True,0,9.596078849900314,6.26530121273771,0.6931471805599453
98353,True,False,5,10.39326317135381,7.336936913707618,1.0986122886681096
98293,True,False,20,9.138951775888529,5.308267697401205,0.6931471805599453
98058,True,True,7,10.908082159098116,7.22402480828583,0.6931471805599453
96993,True,True,2,8.283241441385425,6.075346031088684,6.505784060128229
95779,False,True,8,9.648272670221848,4.127134385045092,1.9459101490553132
95054,False,False,16,9.585895949678203,1.6094379124341003,0.6931471805599453
95046,False,False,7,8.564649132572534,4.543294782270004,1.0986122886681096
94412,True,False,7,9.273972232220956,5.43372200355424,1.6094379124341003
94348,True,True,7,9.430920640887228,4.820281565605037,6.492239835020471
94339,False,False,9,9.150696519048667,5.552959584921617,0.6931471805599453
94006,False,True,8,10.217312405089107,5.438079308923196,2.3978952727983707
93993,True,True,9,9.253016646256619,6.408528791059498,5.393627546352361
93412,False,False,13,9.228573140237243,5.942799375126701,1.3862943611198906
93099,True,True,18,9.514141826307847,4.736198448394496,0.6931471805599453
92018,True,False,0,9.370245889485805,3.713572066704308,5.7899601708972535
91843,False,False,12,8.430981494597171,8.845777255188445,0.6931471805599453
91347,True,True,0,8.317277766221235,8.966356154790121,1.6094379124341003
90271,True,True,19,10.325416386674958,7.234898420314831,6.35088571671474
90220,True,False,0,8.975630184290507,3.6109179126442243,1.791759469228055
89928,True,False,20,9.216521231051264,7.70210434005105,0.6931471805599453
89120,True,False,5,10.57070135106957,6.553933404025811,0.6931471805599453
88903,False,False,15,8.651549243915316,5.170483995038151,1.0986122886681096
88523,False,False,7,9.060563446657955,6.5337888379333435,2.3978952727983707
88117,True,True,8,9.103423089630105,7.421775793644647,0.6931471805599453
88117,True,False,7,9.019905995071678,5.459585514144159,0.6931471805599453
88037,True,False,19,10.997372015964007,6.715383386334681,1.6094379124341003
87523,True,True,5,10.943357821180475,7.914983005848394,1.3862943611198906
87500,False,False,9,10.431317775117943,6.061456918928017,1.6094379124341003
87095,True,False,8,10.532362843075934,8.3243363327069,0.6931471805599453
87066,True,True,2,9.244065241377804,7.310550158534422,2.833213344056216
86930,False,True,12,8.970177815492379,6.617402977974478,0.6931471805599453
86911,True,True,4,8.89439598980643,6.202535517187923,3.4339872044851463
86576,True,True,3,8.499843553081124,6.917705609835305,1.0986122886681096
85847,False,True,12,9.9438614466744,2.0794415416798357,2.3978952727983707
85837,False,False,0,9.281916570465405,6.163314804034641,0.6931471805599453
85694,False,False,5,8.971194463184467,4.709530201312334,3.367295829986474
85091,True,False,4,8.049746290952191,7.9105906122564775,0.6931471805599453
84283,False,False,3,10.115610600566873,3.4965075614664802,1.6094379124341003
84141,True,True,4,8.554874258383926,5.966146739123692,0.6931471805599453
83627,True,True,16,10.29896966259089,2.772588722239781,1.791759469228055
83450,True,True,16,9.183585634667363,5.605802066295998,0.6931471805599453
83447,True,False,0,8.936955604225226,3.58351893845611,1.9459101490553132
83433,False,False,0,9.400382051785275,8.412054873292933,0.6931471805599453
83131,True,False,4,9.052399183907607,8.026823576217629,0.6931471805599453
82700,True,True,10,9.120962560824966,4.127134385045092,6.016157159698354
82607,False,True,14,9.16062477973025,3.8918202981106265,6.490723534502507
82536,True,False,4,9.680031452383618,4.394449154672439,6.490723534502507
82398,True,True,19,9.873182972271273,3.8501476017100584,4.962844630259907
81624,True,True,0,9.381348168869865,5.204006687076795,4.007333185232471
81623,False,True,3,8.067149039910106,6.059123195581797,3.58351893845611
81468,False,False,4,8.387312270561717,6.872128101338986,2.995732273553991
81395,True,True,18,9.327678864393416,1.6094379124341003,2.1972245773362196
80714,True,True,0,9.630365631415676,3.828641396489095,6.606650186198215
80710,True,False,10,9.129997619293643,8.012680929706839,0.6931471805599453
80670,True,False,5,9.010913347279288,6.595780513961311,0.6931471805599453
80662,False,True,4,10.643756840164809,6.208590026096629,1.6094379124341003
80578,True,False,9,9.183791036742646,5.641907070938114,1.0986122886681096
80325,True,False,20,9.735246399950178,8.51579221050061,0.6931471805599453
80309,False,True,10,7.9391588179567965,5.762051382780177,0.6931471805599453
79860,True,False,19,9.014082149443356,5.043425116919247,3.8501476017100584
79445,True,False,5,10.415921881641534,5.645446897643238,3.912023005428146
79417,True,True,5,9.129997619293643,4.3694478524670215,4.634728988229636
79202,True,True,18,8.679312040892672,6.593044534142437,0.6931471805599453
78968,False,False,20,9.864122829013851,0.0,2.833213344056216
78881,True,True,13,8.840145877949938,6.0014148779611505,0.6931471805599453
78841,True,False,20,8.77043908654689,5.75890177387728,0.6931471805599453
78071,True,True,3,7.951207156472972,6.871091294610546,1.0986122886681096
78049,True,False,13,9.254165851516213,5.337538079701318,0.6931471805599453
77888,False,False,8,9.417760962825156,4.867534450455582,6.490723534502507
77765,False,False,17,9.739261284011265,3.332204510175204,3.295836866004329
77663,True,True,0,10.716437949035694,7.160845906664299,1.791759469228055
77599,True,False,7,8.8065738205036,5.075173815233827,2.3978952727983707
77370,True,True,2,9.027618735160889,6.633318433280377,5.877735781779639
77222,True,False,12,9.62911649414402,6.704414354964107,0.6931471805599453
76718,True,False,3,10.161766560618593,8.652947112393857,0.6931471805599453
76695,True,True,5,9.611998241741393,5.84354441703136,1.0986122886681096
76684,True,True,18,8.477620416296414,6.85751406254539,2.5649493574615367
76616,True,True,5,9.541584681053092,3.091042453358316,6.9167150203536085
76606,True,False,7,9.41099288545486,5.802118375377063,4.584967478670572
76460,False,True,20,8.789355452209982,4.77912349311153,1.0986122886681096
76064,True,True,6,9.056023011591826,6.918695219020472,5.501258210544727
75571,True,False,7,8.894121641382213,6.576469569048224,4.04305126783455
75531,True,True,13,9.025455532779063,3.367295829986474,0.6931471805599453
75491,False,False,4,9.348274558065496,5.030437921392435,1.6094379124341003
75204,True,True,13,9.045465728785949,4.6913478822291435,4.174387269895637
74700,True,True,11,8.997765772011208,5.575949103146316,4.23410650459726
74404,True,False,20,10.111679889397125,7.953318346560431,1.3862943611198906
74146,True,True,7,9.271153211372695,6.169610732491456,3.1354942159291497
74084,True,True,19,8.267448958304849,5.262690188904886,1.3862943611198906
74027,True,True,20,8.477204183199873,6.78897174299217,0.6931471805599453
73929,True,True,9,9.144627828610801,6.016157159698354,0.6931471805599453
73839,True,False,15,9.539644119118783,8.182279739259018,0.6931471805599453
73608,False,False,4,9.428189934829282,5.147494476813453,1.791759469228055
73595,True,False,0,9.15556734612889,4.23410650459726,2.0794415416798357
73306,False,False,10,8.934586870389676,3.4657359027997265,3.9889840465642745
73271,False,True,15,9.3729692954244,7.115582126184454,1.3862943611198906
73238,False,False,0,9.493035027916918,6.240275845170769,5.53338948872752
73014,True,True,0,9.269363712425644,6.421622267806518,6.55250788703459
72886,True,True,18,9.760078969240771,7.1252830915107115,0.6931471805599453
72802,True,True,0,8.97335141383992,4.983606621708336,4.430816798843313
72737,True,False,0,10.452620010456705,9.140025198061156,0.6931471805599453
72629,False,False,12,8.80131894766524,1.6094379124341003,4.1588830833596715
72621,True,True,0,9.099743950634156,4.812184355372417,1.3862943611198906
72544,False,False,15,8.464635940677562,5.53338948872752,0.6931471805599453
72502,False,False,0,9.646076003102594,2.70805020110221,1.9459101490553132
72484,True,True,11,9.132919225007598,7.011213987350367,1.791759469228055
72427,True,True,8,8.625509334899697,6.021023349349527,0.6931471805599453
72195,True,False,19,9.181735114965848,6.601230118728877,0.6931471805599453
71563,True,True,4,9.849823027950436,8.23880116587155,1.6094379124341003
71552,False,False,7,9.73186851887531,1.3862943611198906,1.791759469228055
71391,True,True,5,8.300528606199737,7.890208213109961,0.6931471805599453
71356,False,False,20,9.073145132798338,6.925595197110468,1.791759469228055
71307,False,False,12,9.02304647355567,5.730099782973575,1.3862943611198906
71241,True,True,8,9.688560155993258,5.638354669333745,0.6931471805599453
71226,True,True,3,9.729372232289272,6.8001700683022,3.367295829986474
71074,False,False,20,8.852950887099581,3.091042453358316,4.912654885736052
71070,True,True,0,9.675519883856426,4.700480365792417,5.3612921657094255
70978,True,True,0,10.127031023871664,2.3978952727983707,1.0986122886681096
70726,True,False,12,8.567506005289827,6.884486652042782,2.0794415416798357
70681,True,True,5,9.035391569511642,5.783825182329737,4.736198448394496
70331,True,False,4,7.562161631225652,5.786897381366708,1.791759469228055
69994,False,False,0,9.27995971385624,9.100078977718645,0.6931471805599453
69032,False,True,4,10.058652004037477,5.337538079701318,0.6931471805599453
68594,True,True,3,8.927977461002001,7.544861068658458,1.791759469228055
68582,True,False,2,10.093363833734193,6.688354713946762,1.3862943611198906
68577,True,True,7,8.437933510430605,4.653960350157523,2.995732273553991
68566,True,True,0,8.081475040137052,3.828641396489095,1.0986122886681096
68493,True,False,4,9.031692060548524,4.110873864173311,7.01301578963963
68487,True,False,18,8.489616423646003,6.42648845745769,0.6931471805599453
68305,True,False,18,9.115699967822062,6.71901315438526,0.6931471805599453
68079,True,True,5,9.068661593644245,4.844187086458591,4.77912349311153
67876,True,True,4,8.94715577112479,4.875197323201151,4.770684624465665
67730,True,False,13,8.827321452697849,4.406719247264253,0.6931471805599453
67425,True,False,6,9.388653907372598,6.336825731146441,3.5263605246161616
66756,True,True,13,8.812545770172239,3.4965075614664802,4.770684624465665
66443,True,True,13,9.125871215349733,1.6094379124341003,1.9459101490553132
66371,True,True,9,9.89404309370813,7.408530566894626,1.6094379124341003
66240,True,True,20,9.517015920920498,1.6094379124341003,1.3862943611198906
66192,True,False,0,9.398395460617898,8.264363329731667,0.6931471805599453
66107,True,True,5,10.204702639270494,7.613324979540639,0.6931471805599453
65815,True,True,0,8.814627555310697,4.499809670330265,1.9459101490553132
65767,True,False,16,9.143986871426161,5.3230099791384085,0.6931471805599453
65736,False,False,6,8.73681053295389,3.295836866004329,2.833213344056216
65667,False,False,10,9.959442464680574,3.5263605246161616,0.6931471805599453
65563,True,True,0,9.394909401310617,3.2188758248682006,3.6109179126442243
65326,True,True,0,9.12913031655064,3.9512437185814275,6.481577129276431
65285,True,True,0,8.482808764554406,8.458716261657262,6.478509642208569
64941,True,False,7,8.463370384718731,0.0,4.060443010546419
64938,True,False,6,9.1986725671085,5.986452005284438,1.3862943611198906
64936,True,True,20,9.464827539570322,4.787491742782046,5.918893854273146
64768,True,True,7,8.32239411311117,2.8903717578961645,1.0986122886681096
64500,False,False,19,8.647168267837984,7.114769448366463,0.6931471805599453
64096,False,True,10,8.150179269682326,5.820082930352362,2.8903717578961645
64088,True,True,7,9.250906333722844,6.658011045870748,1.3862943611198906
64072,True,True,8,9.892274925322026,5.293304824724492,1.3862943611198906
63882,False,False,10,7.850882664809852,5.2574953720277815,4.394449154672439
63559,False,False,6,8.621192781434722,5.786897381366708,1.0986122886681096
63494,True,False,16,8.585599224080298,2.833213344056216,0.6931471805599453
63409,False,False,2,8.017637159908478,6.484635235635252,0.6931471805599453
63282,False,False,17,7.423568444259167,3.6635616461296463,1.0986122886681096
63198,True,False,14,8.699181359308955,6.721425700790643,2.0794415416798357
63083,True,False,4,9.225228984469933,5.351858133476067,3.1354942159291497
63056,True,True,14,8.470520783217808,6.559615237493242,0.6931471805599453
63022,True,True,13,8.274357006756292,4.31748811353631,4.143134726391533
62955,True,True,8,9.95745476880607,2.302585092994046,1.791759469228055
62855,False,False,4,9.323133199451306,3.7376696182833684,1.0986122886681096
62853,True,True,0,7.224753405767971,4.290459441148391,7.0817085861055755
62799,True,True,4,8.583542571957771,4.007333185232471,0.6931471805599453
62707,True,True,15,9.384209641955154,4.8283137373023015,3.8066624897703196
62561,True,True,20,8.563122123304638,5.60947179518496,0.6931471805599453
61957,True,True,0,8.77307495131822,6.794586580876499,0.6931471805599453
61701,False,False,4,8.598220030058611,6.807934943699926,0.6931471805599453
61699,True,True,8,9.354613861132608,6.437751649736401,1.6094379124341003
61508,True,True,10,8.14060704285845,5.3230099791384085,0.6931471805599453
61447,False,False,1,9.620394932418154,3.7612001156935624,1.3862943611198906
61432,True,True,10,9.420439209769583,5.5053315359323625,2.995732273553991
61232,True,True,4,8.876963340262272,4.955827057601261,2.4849066497880004
61150,True,True,4,8.644002038279933,4.204692619390966,1.0986122886681096
61102,True,True,10,9.165447603085447,5.62040086571715,3.8712010109078907
61070,True,True,10,9.209540051805414,4.859812404361672,2.0794415416798357
61019,False,False,3,10.236776155340317,5.929589143389895,0.6931471805599453
60963,True,True,3,9.297251743965479,5.062595033026967,0.6931471805599453
60949,False,False,12,8.923457979694966,4.406719247264253,3.2188758248682006
60872,False,False,6,9.30946146284399,4.07753744390572,2.4849066497880004
60819,True,True,0,9.782618510055139,4.1588830833596715,6.645090969505644
60805,False,False,7,9.75452339939617,6.902742737158593,7.117205503164344
60505,False,True,6,7.941295570906532,3.4657359027997265,0.6931471805599453
60497,False,False,0,9.768354878544631,4.060443010546419,2.70805020110221
60381,True,True,17,8.789964651132264,6.456769655572163,2.5649493574615367
60232,True,False,13,8.632662441222351,6.675823221634848,0.6931471805599453
60222,False,False,15,9.534667728624708,1.3862943611198906,0.6931471805599453
60202,True,True,19,8.781862489558945,5.910796644040527,1.0986122886681096
60200,True,True,0,9.311994025702683,5.765191102784844,5.602118820879701
60157,True,True,5,9.51708950714519,3.8066624897703196,3.091042453358316
60036,False,False,18,8.835501457409778,3.2188758248682006,3.332204510175204
59947,False,True,3,10.567051430554399,6.059123195581797,0.6931471805599453
59909,True,False,15,8.331586243630754,6.806829360392176,0.6931471805599453
59842,False,True,1,9.92505333045069,4.543294782270004,1.0986122886681096
59754,False,True,6,9.14984699154722,5.14166355650266,4.276666119016055
59733,False,False,13,8.383661798791715,3.4011973816621555,1.0986122886681096
59695,True,False,15,7.269616749608169,2.3978952727983707,4.890349128221754
59553,True,True,3,9.69720111828834,5.308267697401205,6.222576268071369
59427,True,False,0,9.190137664658664,6.253828811575473,6.169610732491456
59420,True,True,16,8.956093075610639,4.04305126783455,0.6931471805599453
59367,True,False,11,8.148734808937169,5.37989735354046,0.6931471805599453
58944,True,True,0,9.246093541682,4.875197323201151,1.6094379124341003
58926,False,False,12,8.044626279767337,5.1298987149230735,6.467698726104354
58920,False,False,8,7.356918242356021,5.932245187448011,2.0794415416798357
58893,True,False,8,8.428799040653642,8.25608813381491,0.6931471805599453
58674,True,False,11,8.06054004653864,3.8712010109078907,1.3862943611198906
58648,True,True,0,10.208321683805474,6.135564891081739,6.642486801367256
58429,False,False,7,10.009422902944797,7.336285660021297,0.6931471805599453
58397,False,False,4,8.124446855715847,2.9444389791664403,1.6094379124341003
58326,False,False,16,8.461891875631148,6.326149473155099,0.6931471805599453
58263,True,True,0,9.211040127090456,5.855071922202427,5.236441962829949
58132,True,False,10,9.079320109537779,6.727431724850855,3.5553480614894135
58044,True,True,7,7.628517626575055,1.791759469228055,0.6931471805599453
57787,False,False,16,10.099136569540946,3.5263605246161616,1.3862943611198906
57615,True,False,20,7.844632644464681,5.69035945432406,0.6931471805599453
57559,True,True,6,8.74528448245438,6.7580945044277305,2.995732273553991
57541,False,False,12,7.83161727635261,6.920671504248683,0.6931471805599453
57437,False,True,7,9.417760962825156,3.332204510175204,1.791759469228055
57398,True,True,0,9.676837861892631,4.795790545596741,6.539585955617669
57383,True,True,13,9.768698226187489,3.784189633918261,2.5649493574615367
57369,False,False,2,8.119398589612294,2.1972245773362196,0.6931471805599453
57342,True,True,7,9.022563964499264,1.0986122886681096,0.6931471805599453
57262,True,True,20,9.307104040408491,5.75890177387728,0.6931471805599453
57246,True,True,20,8.536211197252,7.075808863978387,1.3862943611198906
57215,True,True,0,8.935640333747571,5.713732805509369,4.418840607796598
57075,False,True,2,7.959625305098115,5.241747015059643,0.6931471805599453
56914,True,False,5,8.597666575566114,3.8501476017100584,6.638567789166521
56851,True,True,0,9.18512512283512,5.953243334287785,2.995732273553991
56423,False,False,0,9.292841593487926,4.9344739331306915,1.3862943611198906
56410,True,True,4,9.527993782923948,6.728628613084702,6.456769655572163
56379,True,True,16,7.677400430514807,5.793013608384144,3.6375861597263857
56306,True,True,12,8.9126079636709,2.3978952727983707,0.6931471805599453
56290,True,True,0,9.191565216649849,6.313548046277095,4.574710978503383
56186,True,True,17,8.346167594364134,7.156176637480615,0.6931471805599453
56129,True,True,3,9.235715678307411,3.713572066704308,6.52649485957079
56099,True,False,20,8.586905803827538,6.790097235513905,0.6931471805599453
55996,True,False,14,8.760609847570002,5.934894195619588,1.0986122886681096
55978,True,True,5,8.603554357064281,4.553876891600541,3.044522437723423
55952,True,False,7,9.229652683008556,5.929589143389895,1.3862943611198906
55779,True,True,14,9.152711259139547,2.3978952727983707,5.730099782973575
55748,False,False,20,8.8110561229431,7.934871565945176,0.6931471805599453
55537,False,False,4,7.878534196140362,5.0106352940962555,1.3862943611198906
55469,False,False,20,8.421122722665503,6.635946555686647,0.6931471805599453
55237,True,False,14,9.50218875329738,2.1972245773362196,2.302585092994046
55218,True,False,10,8.903135633035538,4.276666119016055,5.916202062607435
55101,False,True,5,8.794218683679489,6.295266001439646,1.9459101490553132
54856,False,False,18,8.717027173294824,6.335054251498059,0.6931471805599453
54759,True,False,0,7.911324018963352,5.529429087511423,0.6931471805599453
54655,True,False,0,8.031385330625534,3.044522437723423,1.3862943611198906
54440,True,True,0,8.87570644462861,3.2188758248682006,4.574710978503383
54380,False,False,15,8.726481196440007,6.840546529288687,6.4425401664681985
54366,True,True,9,9.076351731972865,5.272999558563747,0.6931471805599453
54192,False,False,1,7.792348924113037,4.997212273764115,4.204692619390966
54173,True,False,0,8.754949455098293,6.38856140554563,6.410174881966167
54131,True,True,7,9.580661777948766,7.9966538754626075,6.45833828334479
54131,False,True,8,8.632484235750972,0.0,5.700443573390686
54028,True,True,10,11.539986003517082,5.288267030694535,0.6931471805599453
53996,False,True,8,9.203215047033595,5.44673737166631,1.6094379124341003
53946,True,False,6,7.598399329323964,5.318119993844216,5.043425116919247
53883,False,False,15,8.796641458940915,1.791759469228055,0.6931471805599453
53678,True,False,0,9.117786390365575,6.891625897052253,0.6931471805599453
53606,True,False,20,7.778211474512493,5.869296913133774,1.3862943611198906
53591,False,False,4,7.362645270417825,7.142036574706803,0.6931471805599453
53588,True,False,0,8.883085524404578,4.663439094112067,2.70805020110221
53545,False,False,3,9.249080200292113,4.330733340286331,6.559615237493242
53495,True,True,20,8.586719254064848,2.772588722239781,0.6931471805599453
53476,True,False,8,9.026177120302856,7.301147805856032,0.6931471805599453
53448,False,False,8,9.360569085222874,5.641907070938114,0.6931471805599453
53332,True,True,0,9.270400128403846,6.104793232414985,0.6931471805599453
53296,True,False,7,9.182557990963732,6.0014148779611505,1.6094379124341003
52899,True,False,17,10.100615616647056,6.759255270663693,1.791759469228055
52742,False,False,9,8.74878098951311,5.5134287461649825,0.6931471805599453
52533,True,True,20,8.689632748355741,6.317164686747284,0.6931471805599453
52507,True,True,18,9.501740523796375,6.440946540632921,1.3862943611198906
52503,True,True,10,7.968319500012717,6.0330862217988015,5.247024072160486
52399,True,False,6,8.842315546841863,6.311734809152915,0.6931471805599453
52207,False,False,13,8.848222068371385,1.9459101490553132,3.2188758248682006
51875,True,True,18,8.460199469896118,7.305188215393037,1.791759469228055
51727,True,True,13,8.491875383431948,6.659293919683638,6.517671272912275
51718,False,False,15,7.3938782901077555,2.3978952727983707,0.6931471805599453
51705,False,False,10,9.245610986058102,5.493061443340548,1.3862943611198906
51671,True,False,4,8.4767877767812,6.542471960506805,0.6931471805599453
51656,True,True,0,9.0455836463617,4.836281906951478,6.4425401664681985
51628,True,False,5,8.874168090363968,5.805134968916488,0.6931471805599453
51498,True,True,2,9.318835968129482,6.601230118728877,1.0986122886681096
51470,False,True,6,9.24725072599628,4.919980925828125,2.639057329615259
51424,True,True,6,9.238927828828094,5.53338948872752,3.295836866004329
51402,False,False,8,8.368693183097793,4.6443908991413725,1.0986122886681096
51247,True,False,7,10.3256131015374,6.525029657843462,0.6931471805599453
51153,True,True,3,8.620110725422924,5.75890177387728,1.0986122886681096
51093,True,True,10,8.492285555710053,6.977281341630747,6.2878585601617845
51067,True,False,0,7.387090235656757,5.616771097666572,3.4339872044851463
51054,True,True,18,9.355565624128962,4.219507705176107,6.771935555839602
51048,True,True,5,9.99501787038172,5.988961416889864,0.6931471805599453
51042,False,False,4,8.827321452697849,7.063903961472068,1.0986122886681096
50971,True,True,0,8.71028982137815,3.4011973816621555,0.6931471805599453
50967,False,False,9,9.106756055719613,1.0986122886681096,5.204006687076795
50942,True,True,13,8.290041618704489,0.6931471805599453,1.6094379124341003
50848,True,True,20,8.481773246184977,1.6094379124341003,1.3862943611198906
50745,False,True,7,10.386808363179929,9.183585634667363,0.6931471805599453
50650,True,True,4,8.720786883485731,4.718498871295094,0.6931471805599453
50622,False,False,7,8.265135629937385,3.6635616461296463,4.406719247264253
50467,False,True,9,9.261983605128021,3.4965075614664802,0.6931471805599453
50327,False,True,20,8.661812881026181,1.791759469228055,0.6931471805599453
50099,True,True,2,8.760923376338836,3.58351893845611,1.3862943611198906
50090,True,True,18,8.339500903005945,8.11162807830774,0.6931471805599453
50080,True,True,5,8.26796230533871,6.257667587882639,4.3694478524670215
49956,True,False,9,8.914760527397261,8.402231172946555,0.6931471805599453
49826,True,True,6,8.621012520055235,7.087573705557973,0.6931471805599453
49774,True,True,0,9.262932822095353,5.087596335232384,2.995732273553991
49720,True,False,19,8.9085593751449,4.31748811353631,1.0986122886681096
49643,False,False,13,8.131236549696116,7.095064377287131,0.6931471805599453
49563,True,True,13,8.012680929706839,6.849066282633458,0.6931471805599453
49509,False,True,16,9.417842227300437,6.429719478039138,0.6931471805599453
49500,False,False,0,8.801770448914539,4.2626798770413155,6.844815479208263
49491,True,True,6,8.980046316633132,6.336825731146441,1.3862943611198906
49481,True,False,10,8.9126079636709,5.955837369464831,1.3862943611198906
49449,False,False,16,8.249052274171293,5.214935757608986,0.6931471805599453
49319,False,True,20,8.363109176033522,6.71901315438526,1.6094379124341003
49280,True,True,12,8.35819745992578,6.54534966033442,1.3862943611198906
48913,True,True,11,8.57828829077605,5.552959584921617,0.6931471805599453
48895,True,False,12,8.473659189392508,1.3862943611198906,0.6931471805599453
48786,True,False,6,9.9016859305895,8.09132127353041,0.6931471805599453
48784,True,False,10,8.139148678884066,5.805134968916488,1.6094379124341003
48778,False,False,13,9.195226734166134,0.6931471805599453,1.0986122886681096
48715,False,False,10,8.661293535389994,8.454466361507933,0.6931471805599453
48645,True,True,6,7.794823152179389,7.113956109566034,2.5649493574615367
48628,True,True,18,7.84971375760487,4.343805421853684,3.5263605246161616
48588,False,False,3,8.334711621820917,0.6931471805599453,0.6931471805599453
48571,False,True,4,8.615770754777232,6.049733455231958,1.3862943611198906
48553,True,True,4,8.934586870389676,4.382026634673881,6.565264970035361
48511,False,False,0,8.97423821949758,5.6937321388027,5.1298987149230735
48416,False,False,5,9.24483841238375,7.549082710812286,0.6931471805599453
48407,True,True,20,7.915713199382116,6.352629396319567,0.6931471805599453
48325,True,True,0,9.658928824466434,3.912023005428146,6.003887067106539
48252,True,True,4,8.934455109403913,3.044522437723423,0.6931471805599453
48134,True,True,6,9.84961197956681,5.44673737166631,6.539585955617669
48096,True,False,4,8.567125560164447,10.409732701928009,1.0986122886681096
48055,False,False,5,9.316770315592029,2.3978952727983707,0.6931471805599453
48022,False,False,6,7.3758821482150125,6.489204931325317,1.0986122886681096
47981,True,False,0,8.853236764745898,5.700443573390686,6.466144724237619
47960,True,True,2,8.94585385712759,2.4849066497880004,3.6109179126442243
47840,False,False,7,8.007034012193408,6.54534966033442,0.6931471805599453
47821,True,True,6,8.614138397472717,2.833213344056216,6.280395838960195
47686,True,True,13,8.925587339030281,3.258096538021482,4.330733340286331
47663,True,False,0,9.272469743441732,4.770684624465665,6.466144724237619
47632,True,True,0,7.6787889981991535,4.6913478822291435,6.635946555686647
47618,True,True,10,9.19532825185568,1.6094379124341003,2.3978952727983707
47589,True,True,5,8.234830280442056,3.9318256327243257,4.727387818712341
47573,True,False,11,7.649692623711514,7.593877844605118,0.6931471805599453
47521,False,False,11,8.53050420547591,6.905753276311464,0.6931471805599453
47490,True,True,0,8.62299361030245,3.9889840465642745,0.6931471805599453
47463,True,True,17,9.036463061964891,8.722417141427496,0.6931471805599453
47399,True,True,9,8.08487062913819,3.2188758248682006,6.3473892096560105
47386,True,True,14,9.004422601327041,8.046549357283078,0.6931471805599453
47355,True,True,18,8.775085935057266,8.327967858305488,0.6931471805599453
47238,True,True,0,8.567315800819449,5.081404364984463,2.639057329615259
47199,True,True,13,8.51919119407891,5.793013608384144,1.791759469228055
47188,True,False,3,8.090708716083997,4.7535901911063645,0.6931471805599453
47154,True,True,0,8.696677393390031,6.692083742506628,0.6931471805599453
47111,False,False,4,8.199738960630786,6.476972362889683,5.700443573390686
47106,True,True,0,7.8636512654486515,4.1588830833596715,2.1972245773362196
47080,False,False,12,8.076204527239026,5.929589143389895,1.0986122886681096
47048,False,False,4,8.365206834418355,0.0,1.3862943611198906
47046,False,False,7,9.095602694505759,5.0369526024136295,0.6931471805599453
46971,False,False,4,9.134646527606982,4.718498871295094,1.6094379124341003
46918,False,False,9,8.654691704601872,7.117205503164344,1.6094379124341003
46849,False,False,8,9.08851166361105,2.8903717578961645,3.258096538021482
46728,True,False,4,8.546751993657782,4.859812404361672,6.591673732008658
46721,True,True,0,8.588024372176829,4.204692619390966,3.1354942159291497
46583,False,True,18,8.625688787569537,7.242797922793756,1.3862943611198906
46523,False,False,6,7.6362696033793735,5.236441962829949,1.0986122886681096
46484,True,True,16,8.445697189711167,6.391917113392602,4.9344739331306915
46416,True,True,11,8.249575150000199,4.465908118654584,3.4657359027997265
46371,False,True,20,7.543273346705446,3.6888794541139363,0.6931471805599453
46356,True,True,20,9.25349564229011,5.916202062607435,5.10594547390058
46325,True,True,13,7.643003635560718,6.678342114654332,4.189654742026425
46319,True,True,18,8.315321775377567,5.0689042022202315,0.6931471805599453
46305,True,True,20,9.680218993408767,3.091042453358316,0.6931471805599453
46120,True,True,3,8.72891172506098,4.189654742026425,5.58724865840025
46119,True,False,6,8.427049641563272,8.134467570277563,0.6931471805599453
46018,False,True,5,8.31115254800169,6.704414354964107,1.3862943611198906
45981,True,False,20,7.700747794511798,7.8655717576847906,1.6094379124341003
45885,True,False,17,8.770128527538184,5.0238805208462765,0.6931471805599453
45872,True,True,20,8.809862805379057,4.9344739331306915,3.6109179126442243
45852,True,False,10,8.38022733634308,7.0630481633881725,0.6931471805599453
45800,True,True,3,8.43750042250699,2.833213344056216,2.3978952727983707
45688,True,True,3,9.382022193665792,5.3981627015177525,1.3862943611198906
45603,False,True,0,7.87359778968554,3.7612001156935624,0.6931471805599453
45532,True,True,11,8.975756630519417,5.7899601708972535,3.1780538303479458
45500,True,False,9,7.148345743900068,3.6888794541139363,2.1972245773362196
45449,True,False,20,9.744960644307891,7.458186157340487,0.6931471805599453
45448,True,True,4,8.44741429680832,5.384495062789089,0.6931471805599453
45385,True,False,15,9.81093357092552,3.332204510175204,1.6094379124341003
45360,True,True,9,8.803424211600703,5.402677381872279,1.0986122886681096
45337,False,True,11,7.70210434005105,4.060443010546419,1.3862943611198906
45322,True,True,11,9.51576412590412,8.219056661060598,0.6931471805599453
45322,True,True,19,8.715880102296456,2.1972245773362196,6.46302945692067
45320,False,False,3,9.005895898094458,5.926926025970411,2.302585092994046
45243,True,True,12,9.15957325492253,4.962844630259907,0.6931471805599453
45021,True,False,3,8.720134035412928,6.2878585601617845,2.0794415416798357
44997,True,False,0,8.620291149419804,5.517452896464707,3.4965075614664802
44961,True,True,13,8.39638057119949,7.342131730584722,1.3862943611198906
44906,False,True,6,7.944492163932159,7.556427969440253,0.6931471805599453
44874,False,False,8,7.516977224604321,5.568344503761097,1.3862943611198906
44826,False,True,13,8.043663352393944,1.9459101490553132,7.422373700986824
44782,True,True,13,8.566935283311052,5.937536205082426,1.3862943611198906
44776,True,True,2,8.094073148069352,4.02535169073515,1.0986122886681096
44773,True,False,0,9.321076413570848,7.206377291472252,0.6931471805599453
44759,True,False,0,8.06117135969092,5.3981627015177525,1.3862943611198906
44719,True,False,9,7.784473235736469,4.532599493153256,0.6931471805599453
44624,False,False,4,8.064007347096661,1.791759469228055,0.6931471805599453
44623,False,False,8,8.358431899031295,7.173958319756794,0.6931471805599453
44587,False,False,9,8.177796683277778,6.948897222313312,2.0794415416798357
44573,True,True,13,9.24619002486988,2.772588722239781,3.091042453358316
44556,True,True,20,9.221675881639928,5.805134968916488,1.0986122886681096
44457,True,True,0,8.212568398234145,7.174724309836376,3.784189633918261
44446,True,False,4,9.041685005946043,6.9167150203536085,1.3862943611198906
44437,True,True,4,8.153637486385282,7.347943823148687,1.3862943611198906
44334,True,True,18,8.295049140435111,6.784457062637643,0.6931471805599453
44282,True,True,7,8.383661798791715,5.8289456176102075,5.19295685089021
44200,True,True,9,8.25712628599743,6.977281341630747,1.0986122886681096
44163,False,False,14,7.808729306744399,7.413970290190444,0.6931471805599453
44158,True,True,20,8.525558107747866,5.998936561946683,0.6931471805599453
44152,True,True,3,8.445697189711167,3.2188758248682006,3.2188758248682006
44105,True,True,18,9.18901458526143,5.860786223465865,0.6931471805599453
44091,False,False,19,8.237214703349489,5.739792912179234,3.091042453358316
44032,True,False,11,7.731053144007127,6.386879319362645,0.6931471805599453
44007,True,False,9,8.172164452111904,3.58351893845611,1.3862943611198906
43977,True,True,0,8.094073148069352,6.486160788944089,4.77912349311153
43965,True,True,15,8.69165057315339,2.4849066497880004,2.4849066497880004
43949,True,True,16,8.053887083618223,5.910796644040527,3.1780538303479458
43942,False,False,19,7.938088726896952,5.83773044716594,0.6931471805599453
43935,True,True,0,9.258368340986765,4.9344739331306915,6.6039438246004725
43906,False,False,2,8.902047345620277,5.14166355650266,2.0794415416798357
43898,True,False,7,8.670257567143075,6.62273632394984,1.0986122886681096
43890,True,False,15,8.45765547870004,7.652070746116482,0.6931471805599453
43819,True,True,20,8.58260632996447,5.58724865840025,2.0794415416798357
43771,True,True,6,9.59947282546345,5.43372200355424,6.495265555937008
43579,False,False,11,8.425954710981966,6.061456918928017,1.0986122886681096
43538,True,False,20,7.910957382845589,6.248042874508429,0.6931471805599453
43472,False,False,11,9.505171826581176,7.218176838403408,1.6094379124341003
43403,False,False,20,8.54461378699223,4.941642422609304,3.970291913552122
43297,True,True,10,8.62317351495347,1.3862943611198906,3.8712010109078907
43292,False,False,8,10.281786992571522,5.996452088619021,0.6931471805599453
43211,True,True,0,8.497806477616047,5.236441962829949,1.6094379124341003
43207,True,True,19,9.054972284742485,3.6109179126442243,1.0986122886681096
43207,False,False,0,7.215975002651466,4.23410650459726,3.7612001156935624
43183,False,False,2,7.22402480828583,4.3694478524670215,3.970291913552122
43156,False,False,10,7.906915488678587,6.9865664594064265,1.3862943611198906
43137,True,True,4,9.086249986745132,2.3978952727983707,1.3862943611198906
43129,True,True,18,8.821584877430965,5.996452088619021,3.332204510175204
43103,True,True,0,8.65486599654131,7.632885505395133,6.45833828334479
43075,True,True,6,8.465268118551318,4.499809670330265,1.0986122886681096
43022,False,False,9,6.97166860472579,5.220355825078325,0.6931471805599453
42940,False,True,3,8.029758520440822,8.002694162283937,5.159055299214529
42935,True,False,11,7.874358824729881,6.833031732786201,0.6931471805599453
42912,True,True,5,8.494743062578646,3.6888794541139363,2.5649493574615367
42744,True,True,3,8.85879510585745,2.772588722239781,4.204692619390966
42706,True,True,20,8.453827315794417,7.433666540166168,0.6931471805599453
42700,True,True,5,7.578145472419466,4.875197323201151,1.0986122886681096
42680,True,False,12,8.924523226133914,6.8001700683022,0.6931471805599453
42618,True,True,14,8.151909872940905,6.152732694704104,1.3862943611198906
42575,True,True,8,7.96032362914884,5.924255797414532,0.6931471805599453
42575,True,False,20,8.933927891782632,8.169053149927343,0.6931471805599453
42489,True,True,20,9.069122370060645,7.175489713624222,0.6931471805599453
42479,True,True,0,8.064950891749143,2.833213344056216,5.3230099791384085
42468,True,True,8,7.102499355774649,5.176149732573829,2.0794415416798357
42448,True,False,19,8.220941168281389,6.608000625296087,1.0986122886681096
42381,True,False,15,8.943767262734637,3.713572066704308,2.70805020110221
42354,True,False,13,8.483222671845084,7.171656822768514,1.0986122886681096
42268,True,True,4,7.909856667269403,5.971261839790462,3.6109179126442243
42262,True,False,20,9.357466436866476,1.3862943611198906,6.315358001522335
42071,True,True,4,7.315218389752975,6.253828811575473,0.6931471805599453
41900,False,True,20,8.882391706295847,3.6375861597263857,0.6931471805599453
41854,True,False,8,9.176680170483548,5.521460917862246,2.995732273553991
41754,True,True,5,8.329175442077402,3.9889840465642745,2.0794415416798357
41712,False,True,6,2.0794415416798357,4.584967478670572,1.0986122886681096
41580,False,False,12,8.19863945529737,4.143134726391533,6.806829360392176
41527,True,True,12,8.22040309993373,6.5337888379333435,0.6931471805599453
41524,True,False,10,8.700514248543275,6.661854740545311,1.3862943611198906
41521,True,True,11,10.183238254661628,6.876264611890766,1.0986122886681096
41517,True,False,4,7.912423121473705,7.632885505395133,2.0794415416798357
41509,True,True,9,7.9287663216266955,5.707110264748875,0.6931471805599453
41498,True,True,0,8.259975659768276,5.14166355650266,3.295836866004329
41436,True,True,4,8.542665987389269,3.258096538021482,4.941642422609304
41384,True,True,12,8.414717399827001,6.214608098422191,2.0794415416798357
41375,True,True,10,7.562681246721884,4.976733742420574,4.990432586778736
41367,True,False,20,8.23323750070527,2.833213344056216,0.6931471805599453
41361,True,True,6,8.966611387052865,3.6888794541139363,3.8501476017100584
41188,True,True,6,8.258422462458876,6.8001700683022,0.6931471805599453
41098,True,False,0,8.54907938027856,6.408528791059498,6.539585955617669
41087,True,True,7,9.416622566214981,4.804021044733257,5.998936561946683
41059,True,False,20,8.38206051742474,4.875197323201151,2.0794415416798357
41028,False,False,6,7.8343923029104365,2.995732273553991,0.6931471805599453
41004,False,False,19,8.872487182278038,6.352629396319567,0.6931471805599453
40960,True,True,8,8.259458195332408,7.0431599159883405,1.6094379124341003
40952,True,True,10,8.931551966694522,3.332204510175204,2.4849066497880004
40952,False,False,20,7.397561535524052,4.143134726391533,0.6931471805599453
40924,True,True,8,9.009080614161977,2.0794415416798357,2.833213344056216
40791,False,True,11,7.903226808730733,1.791759469228055,0.6931471805599453
40632,True,True,8,9.36768594269996,1.9459101490553132,1.0986122886681096
40551,True,True,0,9.185842740375783,3.8712010109078907,6.102558594613569
40527,True,True,0,9.168058979719577,2.3978952727983707,4.787491742782046
40496,True,True,10,7.581209826196346,5.616771097666572,2.302585092994046
40465,True,True,10,8.639587799629844,6.359573868672378,6.45833828334479
40428,False,False,16,8.190908881182514,2.9444389791664403,0.6931471805599453
40383,False,True,20,8.812843433517195,3.044522437723423,0.6931471805599453
40371,False,False,9,8.27893600229198,1.6094379124341003,0.6931471805599453
40366,True,False,18,8.140315540159985,5.493061443340548,3.784189633918261
40362,True,True,4,8.70682132339263,7.404887575616125,0.6931471805599453
40281,True,False,0,8.016977746762262,5.318119993844216,6.77078942390898
40225,False,False,6,7.387090235656757,5.389071729816501,0.6931471805599453
40162,True,True,5,8.591743922680534,6.826545223556594,0.6931471805599453
40099,True,True,19,8.730367211692958,8.73985662749357,0.6931471805599453
40068,False,False,0,8.99317889233952,7.501082124259871,0.6931471805599453
40061,True,True,0,8.385032287813898,5.697093486505405,1.3862943611198906
40016,False,True,5,9.181735114965848,6.78105762593618,6.499787040655854
39997,False,False,11,8.309184527686298,7.052721049232323,3.713572066704308
39949,True,True,8,7.719129840906732,5.017279836814924,6.492239835020471
39901,False,False,11,7.176254532017144,6.424869023905388,3.8501476017100584
39882,False,False,8,7.840312983320164,4.564348191467836,0.6931471805599453
39833,True,True,20,8.427487278331744,8.404248432400102,0.6931471805599453
39759,True,True,5,8.329658067569396,6.251903883165888,2.1972245773362196
39749,True,True,11,8.923058219545728,6.47543271670409,4.23410650459726
39746,True,False,15,7.592870287844818,3.6635616461296463,0.6931471805599453
39678,True,False,8,7.727094484779842,6.156978985585555,0.6931471805599453
39662,False,True,16,7.493317248862145,1.6094379124341003,1.3862943611198906
39635,False,False,13,8.872206756028303,4.663439094112067,2.995732273553991
39555,True,False,5,8.12651816878071,0.6931471805599453,1.6094379124341003
39519,True,False,3,7.6676260915849905,7.303843225277705,0.6931471805599453
39493,True,True,1,8.896588071791218,4.532599493153256,7.1459844677143876
39473,False,False,0,8.475537516147405,6.943122422819428,2.9444389791664403
39441,True,True,6,7.557472901614746,7.116394144093465,1.3862943611198906
39345,False,False,11,8.291797105048733,4.976733742420574,0.6931471805599453
39300,False,False,3,9.470548467427209,5.14166355650266,2.8903717578961645
39275,True,True,17,8.356789669923213,4.110873864173311,3.6635616461296463
39185,True,True,14,8.733916174927524,4.430816798843313,1.0986122886681096
39179,True,False,19,8.16194579946869,4.663439094112067,1.6094379124341003
39153,True,False,20,8.228443883004033,3.1354942159291497,5.749392985908253
39127,True,True,0,8.452547997922705,5.5909869805108565,6.459904454377535
39083,False,False,0,9.011645501064283,5.963579343618446,4.248495242049359
39028,True,True,0,8.176672771948455,5.749392985908253,4.2626798770413155
39022,True,False,9,7.793586803371584,6.651571873589727,0.6931471805599453
38989,False,False,16,8.36380888451688,5.043425116919247,0.6931471805599453
38925,False,False,9,7.86403565907245,5.459585514144159,2.3978952727983707
38885,True,False,14,7.189922170745808,2.70805020110221,1.0986122886681096
38880,True,True,7,8.442900586834382,6.677083461247136,3.58351893845611
38808,True,True,0,8.398860004454372,5.726847747587197,0.6931471805599453
38708,True,True,11,8.495765244002618,6.672032945461067,1.6094379124341003
38705,True,True,20,8.593413217327647,3.9889840465642745,0.6931471805599453
38659,False,False,10,7.519149957669823,2.4849066497880004,0.6931471805599453
38652,True,False,7,9.236300473645715,5.14166355650266,0.6931471805599453
38630,True,True,7,7.617759576608505,5.0238805208462765,0.6931471805599453
38616,False,False,0,9.285169512596832,6.315358001522335,1.3862943611198906
38526,False,False,7,8.100464891029363,4.1588830833596715,0.6931471805599453
38526,True,True,0,8.460834457746854,2.70805020110221,5.402677381872279
38518,True,False,8,7.949091499830517,7.917900586327916,0.6931471805599453
38457,True,True,5,7.953318346560431,6.246106765481563,2.0794415416798357
38449,True,False,4,7.6544432264701125,4.736198448394496,1.0986122886681096
38428,True,False,5,7.149131598557407,6.78105762593618,1.0986122886681096
38417,True,False,6,6.897704943128636,3.367295829986474,1.9459101490553132
38412,False,True,10,7.734996194022781,6.731018100482083,0.6931471805599453
38405,True,True,4,8.814330422638774,0.0,1.3862943611198906
38379,False,False,0,9.750977193313803,10.496344674251352,0.6931471805599453
38316,True,True,5,7.6255950721324535,5.918893854273146,1.791759469228055
38261,True,False,5,8.084562415235304,6.39024066706535,0.6931471805599453
38238,True,True,9,9.0173622349937,3.4339872044851463,1.0986122886681096
38210,True,True,5,9.104424146384634,7.692113339595466,5.855071922202427
38203,False,True,16,9.02437217426203,6.139884552226255,1.0986122886681096
38201,True,True,1,9.606293719711752,6.448889394146858,0.6931471805599453
38196,True,False,19,6.76849321164863,4.1588830833596715,1.6094379124341003
38183,True,True,11,8.183397369998433,7.246368080102461,1.3862943611198906
38179,True,True,0,8.795430805040018,4.0943445622221,4.74493212836325
38147,False,False,20,8.283241441385425,5.655991810819852,6.249975242259483
38131,True,True,5,7.606387389772652,4.997212273764115,6.455198563340122
38085,True,False,5,7.768956044538332,3.828641396489095,1.0986122886681096
38044,False,False,8,7.158513997329321,3.4965075614664802,3.4339872044851463
38039,True,True,20,8.734238184268577,3.367295829986474,5.25227342804663
37999,True,True,7,7.880804344674901,2.833213344056216,0.6931471805599453
37935,True,True,4,9.273690687476945,8.275885669474356,0.6931471805599453
37932,False,False,3,9.036819971135296,7.559038255443384,0.6931471805599453
37915,True,False,19,8.53089883847235,6.93537044601511,0.6931471805599453
37870,True,True,20,8.732304571033183,0.6931471805599453,0.6931471805599453
37814,True,True,13,9.001346243766392,1.0986122886681096,5.594711379601839
37704,True,True,14,7.254884810077338,5.075173815233827,6.945051063725834
37636,True,True,10,8.29154650988391,3.9512437185814275,2.0794415416798357
37607,False,True,19,7.323170717943469,4.07753744390572,1.3862943611198906
37600,False,False,8,7.898782356970309,3.8066624897703196,6.056784013228625
37580,True,True,4,7.716460800176355,4.6443908991413725,0.6931471805599453
37568,False,False,20,8.227375506834035,6.466144724237619,0.6931471805599453
37527,True,True,6,8.452334619067742,7.864419904994565,0.6931471805599453
37505,False,True,19,8.862908295118627,6.376726947898627,1.3862943611198906
37478,True,True,15,8.494129251817686,7.451241684987676,1.6094379124341003
37465,True,False,13,7.946263643580541,6.61472560020376,0.6931471805599453
37455,True,True,7,8.745125259462244,6.0014148779611505,6.495265555937008
37425,True,False,2,8.31996102188653,4.276666119016055,4.442651256490317
37410,True,False,9,8.103191752285786,5.6937321388027,6.46302945692067
37403,True,True,9,8.74209519574531,4.143134726391533,1.3862943611198906
37389,False,False,5,8.667163717992533,4.6913478822291435,1.6094379124341003
37346,True,True,0,10.888763155865234,3.4011973816621555,1.0986122886681096
37325,True,True,10,8.993303139093733,2.5649493574615367,4.5217885770490405
37312,True,True,9,8.940891067785461,6.161207321695077,0.6931471805599453
37273,False,False,8,8.344029572407049,4.204692619390966,0.6931471805599453
37268,True,True,0,9.12052506765382,4.219507705176107,7.7664168980196555
37253,True,False,17,8.009695357742922,5.37989735354046,2.1972245773362196
37225,True,True,10,9.147507062804614,3.6109179126442243,5.3471075307174685
37205,True,True,0,9.071193240566025,4.859812404361672,3.9889840465642745
37152,True,True,8,8.994544758324512,1.6094379124341003,1.3862943611198906
37145,True,True,20,8.941414628006845,6.1224928095143865,0.6931471805599453
37057,True,False,15,8.995412975433313,7.580189417944541,2.4849066497880004
37053,True,False,17,7.56734567601324,4.718498871295094,0.6931471805599453
37035,True,True,5,8.967886572127473,1.3862943611198906,2.4849066497880004
36957,True,True,2,9.322239464473592,4.23410650459726,5.5909869805108565
36948,True,True,9,8.960082528170402,1.9459101490553132,5.2832037287379885
36939,True,True,9,7.889459149404524,4.2626798770413155,4.836281906951478
36926,True,True,8,7.83161727635261,5.099866427824199,5.575949103146316
36922,False,False,0,7.611842399580417,2.995732273553991,6.487684018484611
36902,True,True,6,8.559869465696673,6.180016653652572,4.343805421853684
36815,True,True,20,8.549466751966532,4.204692619390966,2.3978952727983707
36814,True,False,11,8.000684784514748,6.799055862058796,1.0986122886681096
36804,True,False,6,8.169902647359145,2.639057329615259,2.0794415416798357
36749,True,True,7,8.196161139282902,8.04044688130311,0.6931471805599453
36740,False,False,7,9.061956366209925,6.778784897685177,0.6931471805599453
36708,True,True,9,8.871785969150645,4.852030263919617,0.6931471805599453
36697,False,True,20,6.71295620067707,5.049856007249537,2.0794415416798357
36695,True,False,7,10.492218216175646,3.9512437185814275,0.6931471805599453
36682,False,False,0,6.1463292576688975,4.07753744390572,1.3862943611198906
36650,True,True,2,9.349580439067687,4.2626798770413155,2.9444389791664403
36628,True,False,11,7.786136437783072,4.820281565605037,1.3862943611198906
36622,False,False,0,6.456769655572163,3.1780538303479458,3.332204510175204
36568,False,False,8,7.57353126274595,6.831953565565855,0.6931471805599453
36535,False,False,0,6.066108090103747,1.3862943611198906,5.351858133476067
36524,True,True,4,8.313852267398207,5.713732805509369,5.978885764901122
36485,False,True,14,8.7879833961978,6.272877006546167,1.3862943611198906
36481,True,False,11,7.828436359157585,4.653960350157523,1.6094379124341003
36415,True,False,0,8.269756947532983,5.087596335232384,6.464588303689961
36410,True,True,5,7.814803429489359,4.0943445622221,1.0986122886681096
36307,True,True,8,9.295875660082446,2.5649493574615367,5.220355825078325
36255,False,False,5,7.895436006942965,4.90527477843843,0.6931471805599453
36254,False,False,20,8.981304494957135,4.890349128221754,6.635946555686647
36233,True,True,0,7.4645098346365275,5.313205979041787,6.154858094016418
36124,False,True,4,5.918893854273146,3.9318256327243257,4.68213122712422
36116,True,False,0,8.165363632473982,4.02535169073515,0.6931471805599453
36106,False,False,15,9.143452426434552,5.393627546352361,5.955837369464831
36097,False,False,14,8.79527937019457,4.406719247264253,2.1972245773362196
36092,True,True,20,8.024534871605695,2.4849066497880004,2.4849066497880004
36086,False,True,19,7.786136437783072,6.674561391814426,0.6931471805599453
36078,True,True,5,8.768263145371286,2.4849066497880004,6.977281341630747
36073,False,False,5,7.7284157798410416,5.786897381366708,1.0986122886681096
36068,True,False,13,7.413970290190444,6.481577129276431,1.6094379124341003
36027,False,False,18,8.102283624480073,2.1972245773362196,0.6931471805599453
36022,False,False,9,7.588829878307813,4.406719247264253,4.59511985013459
36017,False,False,8,9.150271845510064,1.3862943611198906,0.6931471805599453
35944,True,True,6,7.090076835776092,5.641907070938114,0.6931471805599453
35883,True,False,12,8.049107721326406,4.5217885770490405,1.3862943611198906
35859,True,True,4,7.4645098346365275,5.236441962829949,0.6931471805599453
35859,True,True,4,8.13973227971767,5.0369526024136295,6.594413459749778
35784,True,False,0,6.9440872082295275,3.044522437723423,6.056784013228625
35739,True,True,0,8.251924713801357,4.174387269895637,4.3694478524670215
35731,True,False,20,8.469891918298224,6.021023349349527,0.6931471805599453
35713,False,True,1,8.07558263667172,3.6635616461296463,3.713572066704308
35682,True,True,4,8.299534570332597,4.8283137373023015,6.52649485957079
35671,True,True,14,7.740229524763182,3.58351893845611,5.641907070938114
35659,True,True,1,7.5745584842024805,4.430816798843313,1.0986122886681096
35636,True,True,16,8.526945482858915,6.5998704992128365,6.293419278846481
35627,False,False,1,8.183118079394745,7.769378609513984,0.6931471805599453
35624,False,False,3,8.448914350662942,7.309212365692763,0.6931471805599453
35612,False,False,5,8.600430789986293,4.07753744390572,4.532599493153256
35570,True,True,20,8.260751354700513,2.1972245773362196,1.0986122886681096
35533,True,True,8,6.966967138613983,3.258096538021482,0.6931471805599453
35515,False,True,6,7.565793282428515,5.298317366548036,5.796057750765372
35487,False,False,14,8.06117135969092,6.018593214496234,0.6931471805599453
35449,True,True,8,8.374246182096304,6.46302945692067,6.478509642208569
35446,True,True,12,8.87360810154911,4.852030263919617,4.143134726391533
35356,False,False,6,8.881697406469304,1.6094379124341003,2.3978952727983707
35327,True,False,9,8.516793111394898,5.4510384535657,0.6931471805599453
35316,False,False,6,7.715123603632105,5.556828061699537,6.870053411798126
35265,False,True,7,8.113426639943654,7.0326242610280065,1.0986122886681096
35235,True,True,17,8.696175846944678,6.410174881966167,0.6931471805599453
35213,False,False,6,9.008468955937513,2.0794415416798357,1.6094379124341003
35190,True,True,0,7.802209316247118,6.016157159698354,2.70805020110221
35110,True,False,8,7.277938572945661,7.730174795246222,0.6931471805599453
35108,False,False,4,9.052399183907607,3.8501476017100584,6.467698726104354
35083,False,False,3,8.671800909642677,2.4849066497880004,6.220590170099739
35081,True,True,6,8.671629544720656,4.74493212836325,2.639057329615259
35072,True,True,7,8.06777619577889,3.713572066704308,1.6094379124341003
35068,False,False,4,6.9874902470009905,4.6443908991413725,4.110873864173311
35047,True,True,2,7.774015077250727,3.7376696182833684,5.8998973535824915
35043,False,False,7,7.232733136177615,2.70805020110221,1.9459101490553132
35029,True,False,15,5.932245187448011,5.521460917862246,1.3862943611198906
35023,True,True,0,8.728102205062104,6.459904454377535,1.0986122886681096
35020,True,True,20,8.492695559815838,8.128880142125638,0.6931471805599453
35016,True,True,0,9.467228129254554,6.214608098422191,4.060443010546419
34968,False,False,0,8.420682291035394,2.9444389791664403,3.295836866004329
34955,True,True,0,9.695786647402777,6.464588303689961,0.6931471805599453
34955,True,True,0,8.809713540508268,6.55250788703459,6.456769655572163
34924,True,True,14,7.690286020676768,1.3862943611198906,4.356708826689592
34865,False,True,7,8.281470857895167,6.340359303727752,1.3862943611198906
34748,False,False,7,8.254268770090183,3.7612001156935624,0.6931471805599453
34745,False,True,1,7.489412083508719,6.133398042996649,2.0794415416798357
34727,False,False,20,8.022240916806537,3.6888794541139363,2.4849066497880004
34711,False,False,3,9.382611592916636,4.672828834461906,0.6931471805599453
34599,True,True,3,9.824768967824722,7.069874128458572,6.487684018484611
34590,True,False,20,7.698029170272805,4.605170185988092,4.007333185232471
34552,True,False,15,7.914617709040679,8.327484416188264,0.6931471805599453
34514,True,False,14,8.149601735736155,5.973809611869261,0.6931471805599453
34496,True,True,0,7.973155433444133,6.1675164908883415,0.6931471805599453
34477,True,False,0,8.979164648964709,6.376726947898627,1.6094379124341003
34453,True,False,14,8.235360643753348,5.726847747587197,3.6375861597263857
34441,True,False,3,9.03049574505712,7.946617563244473,0.6931471805599453
34434,True,False,9,7.781138509845015,4.430816798843313,1.6094379124341003
34418,True,True,10,7.237778191923443,7.480428306074208,1.6094379124341003
34364,True,False,9,7.932362154339751,6.729824070489475,5.247024072160486
34311,False,True,10,8.518192691749322,2.70805020110221,6.637258031284457
34310,True,True,0,8.886823846515187,0.0,6.464588303689961
34289,True,True,5,7.903226808730733,5.214935757608986,5.375278407684165
34276,True,False,5,7.8009820712577405,6.320768294250582,0.6931471805599453
34262,True,False,16,8.96264794774056,3.58351893845611,5.393627546352361
34215,True,True,9,8.029432840581244,3.5553480614894135,6.478509642208569
34209,False,False,14,7.190676034332207,5.768320995793772,5.081404364984463
34176,True,True,0,9.175645402179295,5.638354669333745,7.042286171939743
34166,True,True,14,8.675392806089782,5.303304908059076,4.290459441148391
34157,True,True,2,8.272826003650401,2.772588722239781,4.564348191467836
34137,True,False,11,7.430114138561801,6.0063531596017325,0.6931471805599453
34129,True,True,10,8.049427057110695,2.0794415416798357,0.6931471805599453
34129,True,True,0,8.079308192051961,5.552959584921617,6.762729506931879
34109,True,True,0,7.930206206684683,6.835184586147301,4.343805421853684
34109,True,True,9,7.444248649496705,6.940222469119639,1.0986122886681096
34102,True,True,9,9.300729371703863,4.962844630259907,6.499787040655854
34091,True,True,20,8.993799971795545,5.886104031450156,6.484635235635252
34083,True,True,8,9.068892008391808,5.198497031265826,0.6931471805599453
34058,True,True,14,7.812782818577581,6.289715570908998,1.9459101490553132
34055,True,True,15,8.713253274320705,6.26530121273771,6.579251212010101
34040,True,True,10,7.755338812846501,7.182352111885263,1.3862943611198906
34032,True,True,0,8.46695197497949,4.663439094112067,4.663439094112067
34001,True,False,6,7.907283609426348,6.466144724237619,5.616771097666572
33987,False,False,7,8.92439013236916,6.726233402358747,1.0986122886681096
33950,True,True,16,9.329367078397823,7.639642287858013,0.6931471805599453
33949,True,False,13,8.528133131454572,3.58351893845611,0.6931471805599453
33945,False,True,8,9.151545325465678,1.3862943611198906,1.9459101490553132
33937,False,False,9,7.61085279039525,4.143134726391533,1.0986122886681096
33906,False,False,0,8.295548516225763,5.5254529391317835,0.6931471805599453
33885,True,True,0,8.012018239159062,6.137727054086234,6.703188113240863
33866,True,True,9,8.322880021769905,4.795790545596741,3.6635616461296463
33863,True,True,11,8.776167099731275,6.914730892718563,4.875197323201151
33849,True,True,10,7.554334823725748,6.680854678790215,5.659482215759621
33827,True,True,19,8.020927718981577,4.8283137373023015,1.9459101490553132
33795,True,True,17,8.655214489313613,3.1780538303479458,6.263398262591624
33774,True,True,6,8.159374736775426,5.5134287461649825,3.4965075614664802
33724,False,True,4,7.768956044538332,6.51025834052315,1.791759469228055
33722,True,True,7,8.935771938669784,6.345636360828596,6.342121418721152
33712,False,False,0,6.670766320845874,5.726847747587197,1.0986122886681096
33704,True,True,7,7.335633981927201,5.424950017481403,0.6931471805599453
33677,False,False,20,9.273784544532717,5.793013608384144,6.466144724237619
33669,True,False,0,8.993799971795545,6.0014148779611505,3.5263605246161616
33662,True,True,13,8.874308038583354,4.174387269895637,5.676753802268282
33658,True,True,9,8.408716715080153,5.198497031265826,0.6931471805599453
33656,True,True,5,7.755338812846501,4.976733742420574,1.9459101490553132
33644,True,True,15,8.852664927703866,7.0326242610280065,0.6931471805599453
33637,True,True,8,7.6787889981991535,5.293304824724492,1.3862943611198906
33591,True,True,0,9.806370741756401,6.111467339502679,6.658011045870748
33584,False,False,17,8.451694209183541,5.3230099791384085,3.9512437185814275
33576,True,True,0,9.015419779605713,2.70805020110221,7.375255778009754
33561,True,False,6,7.469083884921234,6.282266746896006,1.0986122886681096
33527,True,False,9,7.465655310134056,5.755742213586912,4.356708826689592
33507,False,False,2,8.296546520300614,5.6131281063880705,4.007333185232471
33463,True,True,4,7.741099090035366,6.311734809152915,0.6931471805599453
33460,False,True,5,8.93260863037757,8.977146484808472,2.0794415416798357
33458,True,True,0,8.694669696546992,4.110873864173311,1.791759469228055
33457,False,True,0,9.268514936027255,4.634728988229636,7.1049654482698426
33434,True,False,0,8.1886891244442,4.007333185232471,6.573680166960646
33419,False,False,11,7.2399325913204695,5.998936561946683,0.6931471805599453
33361,True,False,9,8.9005490139363,6.202535517187923,0.6931471805599453
33348,True,True,3,8.314832179284556,3.4011973816621555,1.6094379124341003
33307,True,True,0,7.635786861395585,6.159095388491933,1.791759469228055
33282,False,False,3,7.940583827104244,0.6931471805599453,6.049733455231958
33260,True,False,6,8.616676469901188,5.8522024797744745,0.6931471805599453
33245,True,False,0,9.152711259139547,5.476463551931511,6.484635235635252
33242,True,False,8,8.417372856134026,6.648984550024776,0.6931471805599453
33234,False,False,8,8.306472160100585,3.4657359027997265,0.6931471805599453
33204,True,True,18,6.876264611890766,3.2188758248682006,3.4339872044851463
33182,False,False,7,8.110427237575024,6.618738983517219,1.0986122886681096
33152,True,True,6,9.01627006814768,7.971085753505607,6.4692503167957724
33119,True,False,0,8.32020459757888,4.007333185232471,1.9459101490553132
33104,True,True,5,7.8928255262511176,4.418840607796598,2.1972245773362196
33061,True,True,0,7.520776415062797,4.820281565605037,0.6931471805599453
33060,True,True,7,8.161089512845797,4.770684624465665,1.791759469228055
33053,True,True,0,8.92172453036431,7.929846429742503,7.271008538280992
33034,True,True,6,8.158802490694002,5.247024072160486,1.3862943611198906
33033,True,True,2,7.886832998955057,4.962844630259907,1.6094379124341003
33010,True,False,20,8.365206834418355,5.62040086571715,1.3862943611198906
32977,True,True,12,7.223295679562314,2.5649493574615367,0.6931471805599453
32977,False,True,18,8.03947991910045,2.9444389791664403,1.3862943611198906
32975,False,False,0,7.926602599181384,4.1588830833596715,1.3862943611198906
32974,True,False,0,8.332548939252638,3.5553480614894135,4.605170185988092
32967,False,False,8,7.606387389772652,5.117993812416755,2.5649493574615367
32956,True,True,16,9.493939118990328,5.521460917862246,0.6931471805599453
32918,True,True,7,6.721425700790643,4.23410650459726,6.423246963533519
32900,False,False,16,8.045267716607803,2.995732273553991,0.6931471805599453
32892,False,True,6,8.963672275615016,5.752572638825633,6.340359303727752
32880,False,False,0,7.715123603632105,0.6931471805599453,1.9459101490553132
32863,True,True,18,8.456593569287309,6.47543271670409,4.804021044733257
32857,False,False,2,8.22817689595132,6.815639990074331,0.6931471805599453
32789,False,True,15,9.112396727646056,3.5553480614894135,1.9459101490553132
32710,True,True,3,7.091742115095153,7.437206366871292,1.9459101490553132
32708,True,False,0,8.321907968230423,5.220355825078325,0.6931471805599453
32694,True,True,20,9.194007717355285,7.580699752224563,6.456769655572163
32658,False,False,2,7.8928255262511176,1.6094379124341003,1.9459101490553132
32636,True,False,13,7.284820912568604,4.7535901911063645,1.6094379124341003
32618,True,False,4,9.628984915196462,5.8522024797744745,0.6931471805599453
32594,True,True,9,7.425953657077541,3.912023005428146,4.356708826689592
32569,True,True,8,7.459914766241105,4.61512051684126,0.6931471805599453
32555,False,False,3,8.16763571524637,3.4657359027997265,0.6931471805599453
32531,False,False,7,8.545974992841689,4.23410650459726,3.258096538021482
32502,True,True,0,7.183870715062453,5.814130531825066,3.713572066704308
32493,True,True,16,7.711548979629146,7.029087564149662,1.0986122886681096
32404,True,True,2,8.628555659269699,2.995732273553991,3.713572066704308
32393,True,True,14,9.078978053779355,4.59511985013459,1.3862943611198906
32388,True,True,13,7.7488913372555315,4.553876891600541,2.0794415416798357
32381,False,False,13,7.198183577101943,5.278114659230518,2.1972245773362196
32354,True,True,4,9.01724094201035,4.48863636973214,6.9167150203536085
32342,True,True,17,7.943782692458625,6.593044534142437,0.6931471805599453
32317,False,False,0,7.451241684987676,6.8501261661455,0.6931471805599453
32298,True,False,18,8.60831278478372,6.335054251498059,1.0986122886681096
32282,True,True,0,6.922643891475888,6.186208623900494,1.0986122886681096
32232,False,False,17,7.2485040723706105,4.8283137373023015,0.6931471805599453
32222,True,False,3,8.807172622916703,7.21081845347222,5.44673737166631
32174,False,True,5,8.502485562543963,6.066108090103747,2.833213344056216
32163,True,True,6,8.324821298768782,9.025696119812583,0.6931471805599453
32144,True,False,3,7.7651449029361315,6.481577129276431,0.6931471805599453
32139,True,False,18,7.144407180321139,6.490723534502507,1.9459101490553132
32121,True,True,4,8.192847134592865,4.990432586778736,6.54965074223381
32110,False,False,1,8.441391477999955,1.3862943611198906,6.625392368007956
32072,False,True,0,7.849323818040561,3.8712010109078907,6.489204931325317
32050,True,True,2,9.423271958213975,7.774015077250727,0.6931471805599453
32033,True,False,7,8.40178233990491,3.912023005428146,1.3862943611198906
32019,False,False,3,8.024534871605695,6.045005314036012,0.6931471805599453
31994,True,True,12,8.037220031133012,4.8283137373023015,0.6931471805599453
31991,True,True,0,8.387995252944556,2.639057329615259,6.396929655216146
31985,False,False,6,7.064759027791802,4.804021044733257,1.3862943611198906
31966,True,True,15,7.966239776559467,7.771067086065406,0.6931471805599453
31883,True,True,11,7.618251097876695,3.4339872044851463,1.0986122886681096
31858,True,False,3,8.494129251817686,6.9584483932976555,6.508769136971682
31850,False,True,0,7.980365765111246,6.744059186311348,5.564520407322694
31834,True,False,14,6.796823718274855,5.10594547390058,0.6931471805599453
31831,True,True,2,9.37999875481674,3.4657359027997265,4.02535169073515
31828,True,True,9,7.704361167910313,3.6635616461296463,2.4849066497880004
31808,True,False,6,8.561210076833012,6.406879986069314,1.6094379124341003
31802,False,True,5,8.813438494528507,6.893656354602635,0.6931471805599453
31769,False,True,17,6.408528791059498,4.976733742420574,1.6094379124341003
31763,True,False,8,7.71289096149013,6.53813982376767,2.5649493574615367
31761,True,True,0,8.890961212781146,3.091042453358316,6.3818160174060985
31711,True,True,5,8.043984431221553,6.9865664594064265,0.6931471805599453
31708,True,True,11,7.504391559161238,6.489204931325317,1.3862943611198906
31685,True,True,2,8.82834762005316,7.321188556739479,1.0986122886681096
31679,False,False,8,8.108623268354595,6.490723534502507,1.791759469228055
31679,True,False,2,8.004031507852698,5.69035945432406,6.1092475827643655
31677,False,True,6,7.851661177889265,8.366835309827675,0.6931471805599453
31670,True,True,0,9.292565312231853,0.6931471805599453,6.46302945692067
31618,True,True,6,7.865187954187467,0.0,1.3862943611198906
31614,True,True,6,7.889459149404524,5.996452088619021,1.0986122886681096
31597,True,False,12,7.905441649060286,5.0369526024136295,1.6094379124341003
31583,False,False,0,7.21890970761906,0.6931471805599453,2.1972245773362196
31529,False,False,19,7.468513271496337,5.802118375377063,4.430816798843313
31513,True,True,1,7.275172319452771,8.534246945982066,0.6931471805599453
31512,True,True,20,7.483806687665835,5.817111159963204,1.3862943611198906
31498,True,False,8,8.217438537730187,7.6708948313621175,1.3862943611198906
31497,True,True,20,8.311398278436641,6.192362489474872,0.6931471805599453
31487,True,True,7,8.570544366913232,4.304065093204169,6.854354502255021
31467,False,False,5,7.443663683115591,4.890349128221754,0.6931471805599453
31448,True,True,5,9.870085875902097,6.739336627357174,1.0986122886681096
31448,True,False,8,6.559615237493242,4.477336814478207,5.5093883366279774
31433,True,True,10,8.442254104751743,4.330733340286331,6.608000625296087
31412,True,True,8,8.438582790834326,6.1779441140506,0.6931471805599453
31373,True,False,20,7.727535110475448,6.285998094508865,0.6931471805599453
31365,False,False,13,8.10258642539079,6.297109319933935,3.9318256327243257
31350,False,True,7,7.470793774195062,4.700480365792417,0.6931471805599453
31346,True,False,3,9.050758302151717,5.241747015059643,6.480044561926653
31307,False,False,11,7.486613313139955,0.6931471805599453,0.6931471805599453
31226,True,False,1,8.4767877767812,4.727387818712341,3.5263605246161616
31206,True,True,8,8.668711839055147,4.6443908991413725,1.6094379124341003
31170,True,True,0,8.196161139282902,6.142037405587356,1.0986122886681096
31160,True,True,20,7.278628942320682,6.418364935936212,4.553876891600541
